{
  "forms": [
    {
      "id": 1,
      "title": "Personal Questionnaire",
      "fields": [],
      "entries": [
        {
          "entry_id": "TS737",
          "date_created": "2024-07-22",
          "user": "demo_user",
          "1": "Dr.",
          "101.3": "Taylor",
          "101.4": "",
          "101.6": "Singh",
          "102": "Prefer Not to Answer",
          "103": "12/01/1985",
          "104": "(303) 555-0199",
          "105.3": "Boulder",
          "105.4": "CO",
          "201": "Medical",
          "202": "CO",
          "203": "MED-7777",
          "204": "02/20/2015",
          "205": "02/19/2028"
        }
      ]
    }
  ]
}