{
  "forms": [
    {
      "id": 1,
      "title": "Personal Questionnaire",
      "fields": [],
      "entries": [
        {
          "entry_id": "JC587",
          "date_created": "2024-07-22",
          "user": "demo_user",
          "1": "Dr.",
          "101.3": "Jamie",
          "101.4": "",
          "101.6": "Chen",
          "102": "Female",
          "103": "08/09/1990",
          "104": "(303) 555-0199",
          "105.3": "San Jose",
          "105.4": "CA",
          "201": "Dental",
          "202": "CA",
          "203": "CA-12345",
          "204": "01/15/2017",
          "205": "01/14/2026"
        }
      ]
    }
  ]
}