{
  "forms": [
    {
      "id": 1,
      "title": "Personal Questionnaire",
      "fields": [],
      "entries": [
        {
          "entry_id": "CO528",
          "date_created": "2024-07-22",
          "user": "demo_user",
          "1": "Dr.",
          "101.3": "Chris",
          "101.4": "",
          "101.6": "ONeil",
          "102": "Male",
          "103": "03/22/1983",
          "104": "(303) 555-0199",
          "105.3": "Portland",
          "105.4": "OR",
          "201": "Dental",
          "202": "OR",
          "203": "OR-9988",
          "204": "05/10/2010",
          "205": "05/09/2025"
        }
      ]
    }
  ]
}