{
  "forms": [
    {
      "id": 1,
      "title": "Personal Questionnaire",
      "fields": [],
      "entries": [
        {
          "entry_id": "AR279",
          "date_created": "2024-07-22",
          "user": "demo_user",
          "1": "Dr.",
          "101.3": "Alex",
          "101.4": "",
          "101.6": "Rivera",
          "102": "Male",
          "103": "05/14/1988",
          "104": "(303) 555-0199",
          "105.3": "Austin",
          "105.4": "TX",
          "201": "Dental",
          "202": "CO",
          "203": "DEN-987654",
          "204": "03/01/2016",
          "205": "03/01/2027"
        }
      ]
    }
  ]
}