{
  "forms": [
    {
      "id": 1,
      "title": "Personal Questionnaire",
      "fields": [],
      "entries": [
        {
          "entry_id": "ML718",
          "date_created": "2024-07-22",
          "user": "demo_user",
          "1": "Dr.",
          "101.3": "Morgan",
          "101.4": "",
          "101.6": "Lee",
          "102": "Female",
          "103": "11/30/1992",
          "104": "(303) 555-0199",
          "105.3": "Dallas",
          "105.4": "TX",
          "201": "Dental",
          "202": "TX",
          "203": "TX-5566",
          "204": "07/01/2020",
          "205": "06/30/2026"
        }
      ]
    }
  ]
}